Review,Analysis,k,REML_est,REML_se,SYNTHESIS_est,SYNTHESIS_se,Audit_status,Reliability
CD000028_pub4,1,36,-0.124756,0.033429,-0.115720,0.072236,RED,99.8826
CD000028_pub4,2,42,-0.377704,0.036657,-0.318547,0.072100,GREEN,99.9793
CD002042_pub6,1,57,-2.467076,0.251832,-1.441268,0.383842,RED,99.9650
CD002042_pub6,2,59,-2.547520,0.253560,-1.411624,0.386314,RED,99.9713
